{"train/loss": 0.9136, "train/grad_norm": 3.6636688709259033, "train/learning_rate": 0.0, "train/epoch": 30.86, "train/global_step": 10000, "_timestamp": 1712792736.0201848, "_runtime": 18383.533688783646, "_step": 120, "eval/loss": 0.8719987869262695, "eval/runtime": 19.8976, "eval/samples_per_second": 7.237, "eval/steps_per_second": 1.809, "train/train_runtime": 17892.2405, "train/train_samples_per_second": 2.236, "train/train_steps_per_second": 0.559, "train/total_flos": 3.875921512396554e+17, "train/train_loss": 1.0471567138671876, "_wandb": {"runtime": 18383}}