{"train/loss": 0.8964, "train/grad_norm": 3.030280828475952, "train/learning_rate": 0.0, "train/epoch": 30.86, "train/global_step": 10000, "_timestamp": 1712849331.6798549, "_runtime": 18096.86075282097, "_step": 120, "eval/loss": 0.8626428842544556, "eval/runtime": 19.9199, "eval/samples_per_second": 7.229, "eval/steps_per_second": 1.807, "train/train_runtime": 17832.2185, "train/train_samples_per_second": 2.243, "train/train_steps_per_second": 0.561, "train/total_flos": 3.875917149985505e+17, "train/train_loss": 1.025578377532959, "_wandb": {"runtime": 18096}}