{"train/loss": 0.7632, "train/grad_norm": 2.563122510910034, "train/learning_rate": 0.0, "train/epoch": 30.86, "train/global_step": 10000, "_timestamp": 1712875142.6322632, "_runtime": 19091.101879119873, "_step": 120, "eval/loss": 0.678831934928894, "eval/runtime": 23.9013, "eval/samples_per_second": 6.025, "eval/steps_per_second": 1.506, "train/train_runtime": 18923.8902, "train/train_samples_per_second": 2.114, "train/train_steps_per_second": 0.528, "train/total_flos": 4.1592449735521075e+17, "train/train_loss": 0.8880457870483398, "_wandb": {"runtime": 19091}}