{"train/loss": 2.0203, "train/grad_norm": 0.8572138547897339, "train/learning_rate": 4.405286343612335e-08, "train/epoch": 0.03, "train/global_step": 10, "_timestamp": 1712772211.7889566, "_runtime": 394.41163969039917, "_step": 1, "eval/loss": 2.3380062580108643, "eval/precision": [0.8102796077728271, 0.8468636274337769, 0.8106792569160461, 0.8036739230155945, 0.815264105796814, 0.8223510384559631, 0.8514248132705688, 0.8118000030517578, 0.869263768196106, 0.7504827380180359, 0.8428802490234375, 0.803271472454071, 0.7962232828140259, 0.8214210867881775, 0.841079831123352, 0.7968973517417908, 0.7912201881408691, 0.8462225794792175, 0.8275494575500488, 0.8157225847244263, 0.8032280802726746, 0.8360046744346619, 0.852485716342926, 0.8084543347358704, 0.8289670944213867, 0.8191965818405151, 0.842742919921875, 0.7843075394630432, 0.7914344072341919, 0.7169949412345886, 0.7734630703926086, 0.8624565601348877, 0.8198363780975342, 0.7679928541183472, 0.8257333040237427, 0.8518490791320801, 0.764458179473877, 0.8630994558334351, 0.7233511209487915, 0.7827227115631104, 0.8233266472816467, 0.8568490743637085, 0.8152775764465332, 0.8611614108085632, 0.8203469514846802, 0.8513580560684204, 0.8330893516540527, 0.7779451012611389, 0.8429982662200928, 0.7565522193908691, 0.844515860080719, 0.833065390586853, 0.7769650220870972, 0.8541491031646729, 0.754148006439209, 0.7716507315635681, 0.833428680896759, 0.7899739742279053, 0.8592482805252075, 0.8258026838302612, 0.7241169214248657, 0.7133820056915283, 0.8657333850860596, 0.7152875661849976, 0.7663551568984985, 0.8017398118972778, 0.8323844075202942, 0.8531327843666077, 0.7861958742141724, 0.7982442378997803, 0.8202652931213379, 0.8655502200126648, 0.8590743541717529, 0.7870365977287292, 0.7583833932876587, 0.728013813495636, 0.866451621055603, 0.8438695669174194, 0.7899945378303528, 0.8067481517791748, 0.7759956121444702, 0.8034654259681702, 0.825859546661377, 0.849692702293396, 0.8580494523048401, 0.8024749755859375, 0.7911993265151978, 0.8046186566352844, 0.8200226426124573, 0.7893259525299072, 0.8648584485054016, 0.8320121169090271, 0.8429743051528931, 0.8589602708816528, 0.7692967057228088, 0.8319433927536011, 0.8313308954238892, 0.7785935401916504, 0.8330017924308777, 0.8445121645927429, 0.7355256080627441, 0.7135291695594788, 0.8558515310287476, 0.7420110106468201, 0.8364498615264893, 0.7856024503707886, 0.8639564514160156, 0.8279078006744385, 0.7377753257751465, 0.7721844911575317, 0.7414199113845825, 0.8460302948951721, 0.7552201747894287, 0.8212846517562866, 0.86555016040802, 0.8334815502166748, 0.8638237118721008, 0.7660079002380371, 0.842398464679718, 0.7945144176483154, 0.7943230271339417, 0.8524658679962158, 0.7593733072280884, 0.8136698603630066, 0.7674868106842041, 0.7604051828384399, 0.702596127986908, 0.8494082093238831, 0.7387896180152893, 0.7156333923339844, 0.7968867421150208, 0.8497886061668396, 0.7048397064208984, 0.7727245688438416, 0.8609158992767334, 0.677665114402771, 0.8364726305007935, 0.856106162071228, 0.8103565573692322, 0.8082946538925171, 0.7094000577926636, 0.826671838760376, 0.6790944337844849, 0.6803512573242188], "eval/recall": [0.8819576501846313, 0.894208550453186, 0.8663944005966187, 0.8835169076919556, 0.8650903701782227, 0.8809062838554382, 0.8834517002105713, 0.8773484826087952, 0.9048604369163513, 0.8699377775192261, 0.8839000463485718, 0.880572497844696, 0.8664422631263733, 0.8770346641540527, 0.8737488985061646, 0.8750522136688232, 0.8755452632904053, 0.8781824111938477, 0.8824342489242554, 0.8684190511703491, 0.8601789474487305, 0.8880585432052612, 0.8924025297164917, 0.8734539747238159, 0.8681026697158813, 0.8741495013237, 0.8719114065170288, 0.8694016933441162, 0.8819487690925598, 0.8672477006912231, 0.890015721321106, 0.8943308591842651, 0.8836094737052917, 0.8645520806312561, 0.8794853687286377, 0.8846233487129211, 0.8666158318519592, 0.9030711650848389, 0.8642297387123108, 0.8680077195167542, 0.8742380738258362, 0.8903442025184631, 0.8797634243965149, 0.8930978775024414, 0.885185956954956, 0.8886954188346863, 0.8813111782073975, 0.8652148246765137, 0.8921160697937012, 0.8581536412239075, 0.8935417532920837, 0.8847206234931946, 0.8807758688926697, 0.8992688655853271, 0.8683450222015381, 0.8840550780296326, 0.8830437660217285, 0.8780844211578369, 0.8940401673316956, 0.8836641311645508, 0.8745085597038269, 0.8686018586158752, 0.9031389355659485, 0.8549247980117798, 0.8565202951431274, 0.8765772581100464, 0.8783858418464661, 0.880161702632904, 0.8756077885627747, 0.8836411237716675, 0.8717126846313477, 0.8910253047943115, 0.9074190855026245, 0.8901476860046387, 0.8782986402511597, 0.8699974417686462, 0.89573734998703, 0.882712185382843, 0.8778557777404785, 0.882480263710022, 0.8742568492889404, 0.8823200464248657, 0.8874524831771851, 0.8916844129562378, 0.8940160274505615, 0.880057156085968, 0.866923451423645, 0.8685083389282227, 0.8786214590072632, 0.8738926649093628, 0.8951764702796936, 0.8865426778793335, 0.8932933807373047, 0.8956600427627563, 0.8782986998558044, 0.8822870254516602, 0.8661425709724426, 0.8714189529418945, 0.8845365047454834, 0.878576934337616, 0.8810628652572632, 0.8816215395927429, 0.8916102647781372, 0.8898419141769409, 0.8719325661659241, 0.8879961371421814, 0.8988487720489502, 0.8813052773475647, 0.8635443449020386, 0.8787240982055664, 0.8766529560089111, 0.8927854895591736, 0.8699858784675598, 0.8870276212692261, 0.8910253047943115, 0.8907913565635681, 0.895847737789154, 0.8723928332328796, 0.8960156440734863, 0.8809671998023987, 0.8784806728363037, 0.8797619342803955, 0.8712179064750671, 0.8786091804504395, 0.8687658309936523, 0.8790427446365356, 0.851155161857605, 0.8991097807884216, 0.8726994395256042, 0.8513938188552856, 0.890938401222229, 0.8931369781494141, 0.8729761838912964, 0.8937443494796753, 0.8975113034248352, 0.8603588938713074, 0.8823624849319458, 0.8916028738021851, 0.8848307132720947, 0.879721462726593, 0.874417781829834, 0.868008553981781, 0.8423677682876587, 0.8645229339599609],