{"train/loss": 0.9155, "train/grad_norm": 3.6490230560302734, "train/learning_rate": 0.0, "train/epoch": 30.86, "train/global_step": 10000, "_timestamp": 1712819669.6944318, "_runtime": 18355.80680179596, "_step": 120, "eval/loss": 0.8752555251121521, "eval/runtime": 19.9204, "eval/samples_per_second": 7.229, "eval/steps_per_second": 1.807, "train/train_runtime": 17972.6356, "train/train_samples_per_second": 2.226, "train/train_steps_per_second": 0.556, "train/total_flos": 3.875921512396554e+17, "train/train_loss": 1.0483921424865723, "_wandb": {"runtime": 18356}}